obs_id,dataset,group_id,session_id,trial_id,window_id,dyad_id,condition,null_task,label,feature_set,K,f001,f002,f003,f004,f005,f006,f007,f008
G00_R000,demo_primary,G00,S01,0,feedback,pair23,real,time_shift,1,raw_topk,8,0.679699564678404,0.8526479383034885,0.22396765708156968,0.3233574016514812,0.9879721630724035,0.19022314407235352,0.7798516241588618,0.31925587244510745
G00_N000,demo_primary,G00,S01,0,feedback,pair23,null,time_shift,0,raw_topk,8,0.46015182713882286,0.8474892116284388,0.4903777264780545,0.568974027255127,0.4093264807879986,0.23744903885052382,0.3849611998901579,0.2929629221502717
G00_R001,demo_primary,G00,S01,1,feedback,pair23,real,time_shift,1,raw_topk,8,0.7783768661517392,1.1740404150036172,0.6475320318222407,0.47662882630799946,0.6599560989039662,0.39344647653416853,0.7350648676188767,0.20496056539981128
G00_N001,demo_primary,G00,S01,1,feedback,pair23,null,time_shift,0,raw_topk,8,0.4441089226584313,0.9240040168898914,0.6700649764634469,0.16129987936334134,0.5118988728352347,0.2073412289106849,0.46521280341607835,0.8360448717539208
G00_R002,demo_primary,G00,S01,2,feedback,pair23,real,time_shift,1,raw_topk,8,0.29468894578569627,1.0097625569812405,0.9389421127774666,0.5021069336950468,0.8644166195322428,0.2405767173027188,0.5974564239175577,0.02678564427107044
G00_N002,demo_primary,G00,S01,2,feedback,pair23,null,time_shift,0,raw_topk,8,0.5618417524700176,0.33842217990664764,0.6145821714741766,0.36244468758396514,0.7475053329438346,0.1605453029742307,0.6349362854682629,0.13089665483515578
G00_R003,demo_primary,G00,S01,3,feedback,pair23,real,time_shift,1,raw_topk,8,0.9445589729275046,0.7447036760724947,0.6591636330685086,0.44996334839506463,0.551190145320901,0.17943028644871017,0.4853008559098972,0.22138633720681378
G00_N003,demo_primary,G00,S01,3,feedback,pair23,null,time_shift,0,raw_topk,8,0.5534255109448417,0.29848855943934177,0.5127143758966412,0.08375840517517609,0.2576203982974682,0.05723077632868401,0.14695298263893586,0.0786391471995089
G00_R004,demo_primary,G00,S01,4,feedback,pair23,real,time_shift,1,raw_topk,8,0.6109201635530974,0.6999332775538466,0.513071998729412,0.35161051904234913,0.7651129318814791,0.0476480090571314,1.01497472764185,-0.05433142377373637
G00_N004,demo_primary,G00,S01,4,feedback,pair23,null,time_shift,0,raw_topk,8,0.5647431236244339,0.5580571146811741,0.4876328208347427,0.6519340453970535,0.5792822328182357,0.18023237682759624,0.45226287711681334,0.054873996104776696
G00_R005,demo_primary,G00,S01,5,feedback,pair23,real,time_shift,1,raw_topk,8,0.9104117620892538,0.8897067622390332,0.7575575518716477,0.5498578467372781,0.8348114876136886,0.3258351844140157,0.7211636805451378,0.6592469186587576
G00_N005,demo_primary,G00,S01,5,feedback,pair23,null,time_shift,0,raw_topk,8,0.5349776569681245,0.5266738407641748,0.5344510422568447,0.2815592152583553,0.4299400335101273,0.13064137933521003,0.5056593585606212,0.32312420301613987
G00_R006,demo_primary,G00,S01,6,feedback,pair23,real,time_shift,1,raw_topk,8,0.7513480974910529,0.7426304735619477,0.5512162371131248,0.8161964669811681,0.6977355120488656,0.384306945992411,0.5326292980026641,0.5358991166370195
G00_N006,demo_primary,G00,S01,6,feedback,pair23,null,time_shift,0,raw_topk,8,0.37558242671556924,0.4909212797448057,0.5292346242653122,0.5637165667430868,0.8342214232686175,0.39454438778478274,0.6674243293481447,0.3080090305488433
G00_R007,demo_primary,G00,S01,7,feedback,pair23,real,time_shift,1,raw_topk,8,1.2781156884399234,0.8991217764814826,0.25652615621061664,0.9324874607996552,0.7295135366801898,0.15185998697289105,0.8240624153138909,0.07745087524397137
G00_N007,demo_primary,G00,S01,7,feedback,pair23,null,time_shift,0,raw_topk,8,0.6645691837901605,0.5297259585116846,0.3667897987894089,0.31021768018490287,0.9938772850219898,0.4356881017693641,-0.025161107435455528,0.14798872403615465
G00_R008,demo_primary,G00,S01,8,feedback,pair23,real,time_shift,1,raw_topk,8,1.0724298558012766,0.9658713440499994,0.7973896663003205,0.3522619551276843,0.6433092352280587,-0.14238060595894542,0.4321015552718141,0.4210250872330048
G00_N008,demo_primary,G00,S01,8,feedback,pair23,null,time_shift,0,raw_topk,8,0.6629569542017555,0.5116804867003567,0.4044094907240294,0.42031467705702397,0.7362041772996071,0.23151067012693693,0.5013690394002079,0.41782012969990623
G00_R009,demo_primary,G00,S01,9,feedback,pair23,real,time_shift,1,raw_topk,8,1.169273482100161,0.8308118969679669,0.4814236849408816,0.6222944004558537,0.6036242208463898,0.2237168384862257,0.7942798099405215,0.4653094776996447
G00_N009,demo_primary,G00,S01,9,feedback,pair23,null,time_shift,0,raw_topk,8,0.51984132317146,0.9013472909437714,0.30760095022860195,0.6679668724321738,0.9471294271884005,0.2897650867407737,0.6882584366361982,0.3570683001204822
G00_R010,demo_primary,G00,S01,10,feedback,pair23,real,time_shift,1,raw_topk,8,0.7456931982460453,0.4727947997131727,0.9610308929401302,0.34483125743765747,1.1257754743848278,0.22244642901411815,0.44972202004688916,0.5608286703215862
G00_N010,demo_primary,G00,S01,10,feedback,pair23,null,time_shift,0,raw_topk,8,0.2844370890389935,0.6429779686369156,0.5691304690210381,0.2820880978136301,0.4812657261954636,-0.1985856630242464,0.7347661807597884,0.5385674745271017
G00_R011,demo_primary,G00,S01,11,feedback,pair23,real,time_shift,1,raw_topk,8,1.3995290963895195,0.7808698343798799,0.5171218742588202,0.14772831090526495,1.0080344280408178,0.12043365923281646,0.6213069016541486,0.11154227540433881
G00_N011,demo_primary,G00,S01,11,feedback,pair23,null,time_shift,0,raw_topk,8,0.43883422787572385,0.5191065527668076,0.445609014373537,0.5667433361040168,0.43140151155957723,-0.027490268856593503,0.3810619634893348,0.3782159396756315
G01_R000,demo_primary,G01,S01,0,feedback,pair23,real,time_shift,1,raw_topk,8,0.2907229314959409,0.5228353647571516,0.4339303778726759,0.4513254264501403,0.5459337545555237,0.584637529871254,0.7867949237168677,0.770481359790717
G01_N000,demo_primary,G01,S01,0,feedback,pair23,null,time_shift,0,raw_topk,8,0.7835359474671605,0.213586526371348,0.2973669158807661,0.38799082319746314,0.5527654042211417,0.6497103095454042,0.898553340116499,0.48647652796398694
G01_R001,demo_primary,G01,S01,1,feedback,pair23,real,time_shift,1,raw_topk,8,0.7076637814302195,0.5467085997019634,0.3556678954827357,0.8365948701069487,0.6107812403183871,0.8920655363284585,0.9358350185620966,0.6982364785659836
G01_N001,demo_primary,G01,S01,1,feedback,pair23,null,time_shift,0,raw_topk,8,0.6504153680168603,0.16950817651671318,0.3734399223766048,0.3071419438041601,0.36660800012156186,0.47764771046449245,0.6662139913786274,0.7381708427343225
G01_R002,demo_primary,G01,S01,2,feedback,pair23,real,time_shift,1,raw_topk,8,0.7945174195728034,0.48134694846629567,0.6081985083716304,0.4962145541455507,0.799801993866905,0.403433082518245,0.9800565702739621,0.705916098263293
G01_N002,demo_primary,G01,S01,2,feedback,pair23,null,time_shift,0,raw_topk,8,0.434454561059566,0.1554146841150657,0.47267689738567037,0.1907236854619337,0.580821609779214,0.3867735902815263,0.5032650999222182,0.3727481341924869
G01_R003,demo_primary,G01,S01,3,feedback,pair23,real,time_shift,1,raw_topk,8,0.6534773878142968,0.4890846205173063,0.5268855315058902,0.33166295655401873,0.7420468977133623,0.4641042707157007,0.7295115696517261,0.9510192288198077
G01_N003,demo_primary,G01,S01,3,feedback,pair23,null,time_shift,0,raw_topk,8,0.8008541053579902,0.3049107848640734,0.46072133607923715,0.45081291583700855,0.2509080000500224,0.3890426021874341,0.6037487996218127,0.39453010615416345
G01_R004,demo_primary,G01,S01,4,feedback,pair23,real,time_shift,1,raw_topk,8,0.8525469137701152,0.28970427197396664,0.3725915943651113,0.625512036282647,0.257929139374242,0.32406420711334233,0.8073190685857093,0.7551285521466407
G01_N004,demo_primary,G01,S01,4,feedback,pair23,null,time_shift,0,raw_topk,8,0.5176734585142162,0.2221469708957417,0.07852149310453324,0.7253440284802665,0.6618616334030515,0.13714656527219354,0.5653681511113458,0.5252417740170429
G01_R005,demo_primary,G01,S01,5,feedback,pair23,real,time_shift,1,raw_topk,8,0.9254960619726309,0.559479880985886,0.5733704335067922,0.6627595891974083,0.6681456932836073,0.48010774166263936,0.9933717046007932,0.3447954411227954
G01_N005,demo_primary,G01,S01,5,feedback,pair23,null,time_shift,0,raw_topk,8,0.8368541081362189,0.45927554422759326,0.25698341556093385,0.644652898487322,0.4156613045975449,0.23445831877572001,0.7161545890061471,0.478743283188873
G01_R006,demo_primary,G01,S01,6,feedback,pair23,real,time_shift,1,raw_topk,8,0.5097702059094638,0.7010021657057333,0.5395027343992578,0.5785407733771232,0.6083763357750089,0.6000092684440393,0.8978035752961709,0.45819874709598196
G01_N006,demo_primary,G01,S01,6,feedback,pair23,null,time_shift,0,raw_topk,8,0.6836773889878333,0.3111938668332869,0.250971306386201,0.44396182736901174,0.1964073882595614,0.029284327756721386,0.3866206682369471,0.6537806145754643
G01_R007,demo_primary,G01,S01,7,feedback,pair23,real,time_shift,1,raw_topk,8,0.6131183935814388,0.2722084962638591,0.4528158633909587,0.5315741765651324,0.9257209123754921,0.4774654880599877,1.1531415397559837,0.838570510868048
G01_N007,demo_primary,G01,S01,7,feedback,pair23,null,time_shift,0,raw_topk,8,0.43136020309328504,0.3313222602291104,0.30963348798141577,0.689684098617844,0.29687930932669326,0.19787087047892027,0.5788175957161237,0.5646664463930982
G01_R008,demo_primary,G01,S01,8,feedback,pair23,real,time_shift,1,raw_topk,8,0.9496313067224048,0.3779783634871331,0.31006476889544016,0.7730445371630572,0.7080801324286016,0.42353907864778706,0.7415687210422408,0.748483034094842
G01_N008,demo_primary,G01,S01,8,feedback,pair23,null,time_shift,0,raw_topk,8,0.38859213967375666,0.3518581162507417,0.5458533906604587,0.29068954039475287,0.09605642302978668,0.6072352277619917,0.3865223417201706,0.6412587676497303
G01_R009,demo_primary,G01,S01,9,feedback,pair23,real,time_shift,1,raw_topk,8,0.909963151579622,0.09806397763463673,0.5450249066897923,0.7697289807449,0.8011424572351374,1.003443639231174,0.9850149803339847,0.49784243902093817
G01_N009,demo_primary,G01,S01,9,feedback,pair23,null,time_shift,0,raw_topk,8,0.7900532892529305,0.20379516350651544,0.4876258502725413,0.508218558223429,0.22189682894149224,0.5163817928994815,0.5111510933618568,0.3326979282019591
G01_R010,demo_primary,G01,S01,10,feedback,pair23,real,time_shift,1,raw_topk,8,1.011050515867831,0.401858299926821,0.6325780483700423,0.9402441903074567,0.8188577986255166,0.49744544059144746,1.1155279378471492,0.5947281580659913
G01_N010,demo_primary,G01,S01,10,feedback,pair23,null,time_shift,0,raw_topk,8,0.6685820074207008,0.4632588441338657,0.6139208108793318,0.45588567908359323,0.2991194298290487,0.2548778824460821,0.8181138015924162,0.1441160598973732
G01_R011,demo_primary,G01,S01,11,feedback,pair23,real,time_shift,1,raw_topk,8,0.6396268093874641,0.06765244249178057,0.6228596828150849,0.6273775527397301,0.6257954224314314,0.6727333309409143,0.7335630298232438,0.761728767260559
G01_N011,demo_primary,G01,S01,11,feedback,pair23,null,time_shift,0,raw_topk,8,0.7104564295959399,0.16364812955299746,0.41955258421397895,0.9843618210001016,0.638742802528004,0.29131216418470374,0.8086860447330592,0.7662976969700004
G02_R000,demo_primary,G02,S01,0,feedback,pair23,real,time_shift,1,raw_topk,8,0.8247083782663711,0.25835208893170236,0.4764522441116554,0.7012925406670101,0.7655566815363599,0.5737184822148326,0.5011360805588604,0.38670564943711744
G02_N000,demo_primary,G02,S01,0,feedback,pair23,null,time_shift,0,raw_topk,8,0.3495599888202123,0.3935849431500768,0.7022026873285669,0.5743125233158751,-0.1606141927700758,0.6412915909932912,0.46794633984070944,0.3651461896214362
G02_R001,demo_primary,G02,S01,1,feedback,pair23,real,time_shift,1,raw_topk,8,0.5966779173088533,0.49111986965008336,0.5352862185737232,0.6263197412958821,0.2298497366087408,0.4832137375375445,0.6330559927622137,0.6952437720785464
G02_N001,demo_primary,G02,S01,1,feedback,pair23,null,time_shift,0,raw_topk,8,0.6827193922029157,0.4588765288589731,0.6325680492629505,0.05348045378805724,0.5910301181405557,0.14007905623482164,0.4852842385252947,0.4799553768875833
G02_R002,demo_primary,G02,S01,2,feedback,pair23,real,time_shift,1,raw_topk,8,0.18039375812799036,0.5045620642713531,0.8467785122092436,0.37233295359618895,0.32051022357769354,0.7791025593266963,0.4936984153123021,0.5512488999471633
G02_N002,demo_primary,G02,S01,2,feedback,pair23,null,time_shift,0,raw_topk,8,0.4050848803039209,0.21676884768261007,0.6984373925623462,0.5616192948069402,0.6626516542572625,0.7410395467187737,0.5279177999548835,0.35327023476532693
G02_R003,demo_primary,G02,S01,3,feedback,pair23,real,time_shift,1,raw_topk,8,0.4196778169496428,0.6882491662995264,0.6332423480585947,0.7574120909762612,0.6416108215323891,0.7830632780526476,0.8201555366000947,0.652393739108369
G02_N003,demo_primary,G02,S01,3,feedback,pair23,null,time_shift,0,raw_topk,8,0.6414564107928483,0.38458585721400806,0.2946164846610444,0.273396433549697,0.5939868056854748,0.4072519789781439,0.37623815925459275,0.2694175801067078
G02_R004,demo_primary,G02,S01,4,feedback,pair23,real,time_shift,1,raw_topk,8,0.5128453097357896,0.5046824039060731,0.6904606317081937,0.9667985886159729,0.35444947303051044,0.38973047229459834,0.6610351631180109,0.6067715779185021
G02_N004,demo_primary,G02,S01,4,feedback,pair23,null,time_shift,0,raw_topk,8,0.48599315709065266,0.5237047053009332,0.5901164549099713,0.7313612489701534,0.3458018806148892,0.4570996532115011,0.4190776767584042,0.2740496693817782
G02_R005,demo_primary,G02,S01,5,feedback,pair23,real,time_shift,1,raw_topk,8,0.5789901738587784,0.5165047169024215,0.3383236089006667,0.6313320705641542,0.5733041592517845,0.648342552246763,0.5385715692307786,0.6946798053131477
G02_N005,demo_primary,G02,S01,5,feedback,pair23,null,time_shift,0,raw_topk,8,0.6660386891295376,0.49453390833168015,0.5561129272838475,0.5025062971300981,0.3004272484308993,0.061588383606690604,0.0737123204086719,0.5139086369838415
G02_R006,demo_primary,G02,S01,6,feedback,pair23,real,time_shift,1,raw_topk,8,0.5547410076794089,0.905455586297775,0.8869497090453033,0.7392788890159361,0.6644047791306947,0.9396865677466889,0.7790269501407653,0.4081161820544462
G02_N006,demo_primary,G02,S01,6,feedback,pair23,null,time_shift,0,raw_topk,8,0.6746096459345886,0.4681085538202102,0.5053989207882973,0.249099083709727,0.5980595682646314,0.11320172934265231,0.26758392344885584,0.7691435410443267
G02_R007,demo_primary,G02,S01,7,feedback,pair23,real,time_shift,1,raw_topk,8,0.5747026787530554,0.6691384931955014,0.27195642317649227,0.8361545507661924,0.3676696861567647,0.7091157995814695,0.42501783330670195,0.2842282255076101
G02_N007,demo_primary,G02,S01,7,feedback,pair23,null,time_shift,0,raw_topk,8,0.6761647461145568,0.3253651204700775,0.48172902556681685,0.4247546806562889,0.16115569700129903,0.5824464583308532,0.5885469109276763,0.2821322025403057
G02_R008,demo_primary,G02,S01,8,feedback,pair23,real,time_shift,1,raw_topk,8,0.15190237633556686,0.46633963970823034,0.7082490699373518,0.6421320071899841,0.4244998385203078,0.7021191711073032,0.855547838224154,0.509399550582996
G02_N008,demo_primary,G02,S01,8,feedback,pair23,null,time_shift,0,raw_topk,8,0.5393553364466611,0.3686233900974338,0.828458149945973,0.5316705953889728,0.31051793522851884,0.42092296595893963,0.19929624908417443,0.5651425628055978
G02_R009,demo_primary,G02,S01,9,feedback,pair23,real,time_shift,1,raw_topk,8,0.36633484265247734,0.8573314199717667,0.6590760231752376,0.9080064622480424,0.5321728128322262,0.8528976252665281,0.7190410551522229,0.8259242676033174
G02_N009,demo_primary,G02,S01,9,feedback,pair23,null,time_shift,0,raw_topk,8,0.2895609860034047,0.29025235888971407,0.598409789920944,0.49603539649179684,0.007669796136487543,0.5990426553399811,0.3972817298063293,0.23239902724262165
G02_R010,demo_primary,G02,S01,10,feedback,pair23,real,time_shift,1,raw_topk,8,0.9128552201210633,0.3662868210117489,1.2138360413088725,0.713409934369937,0.4776257312453177,0.6348022759528225,0.6775026874766779,0.7488045985041806
G02_N010,demo_primary,G02,S01,10,feedback,pair23,null,time_shift,0,raw_topk,8,0.3648750990077388,0.1825386246365723,0.4472955942756044,0.2814225899609089,0.2661748424534195,0.49464425959857117,0.740250306631564,0.880046994452795
G02_R011,demo_primary,G02,S01,11,feedback,pair23,real,time_shift,1,raw_topk,8,0.244085838407212,0.41377173164034176,0.38091330268948737,0.7305195984113053,0.67352009208285,0.6337964055543817,0.6861442394336265,0.6152867869343056
G02_N011,demo_primary,G02,S01,11,feedback,pair23,null,time_shift,0,raw_topk,8,0.7461285674861443,0.33687160336395866,0.21082640536167083,0.5718667409686911,0.2331027644807665,0.6049834335362142,0.3349152738416982,0.3041183990465345
G03_R000,demo_primary,G03,S01,0,feedback,pair23,real,time_shift,1,raw_topk,8,0.4157355306873745,0.9039339261303982,0.27309883794654705,1.138330255136519,0.6642802124649051,0.6474168656095491,0.49540944937801046,0.5384094488077609
G03_N000,demo_primary,G03,S01,0,feedback,pair23,null,time_shift,0,raw_topk,8,0.686695632893034,0.5251834682675097,0.3035885022772561,0.6432911749891724,0.8984409343318204,0.2833353184128502,0.36030715395258184,0.4190636881479216
G03_R001,demo_primary,G03,S01,1,feedback,pair23,real,time_shift,1,raw_topk,8,0.808534689622296,0.6317801532739835,0.126186846783781,0.7810549877362778,1.126622350841699,0.08961436481770219,0.6206431341387394,0.5202561366448146
G03_N001,demo_primary,G03,S01,1,feedback,pair23,null,time_shift,0,raw_topk,8,0.7087018643200357,1.0078331123619817,0.8116063578100234,0.6895437800868198,0.4384066521013591,0.5171169957694286,0.4120291968861224,0.6305001043336474
G03_R002,demo_primary,G03,S01,2,feedback,pair23,real,time_shift,1,raw_topk,8,0.8107497660553773,1.3199518489024127,0.3440187803940085,1.0294269629794115,0.8177646167911534,0.32454091573459554,0.44776794094209316,0.654600138019532
G03_N002,demo_primary,G03,S01,2,feedback,pair23,null,time_shift,0,raw_topk,8,0.856807432731415,0.579766422465356,0.08957789072046157,0.5007291735661147,0.6653863613906082,0.22176510245087017,0.44044641938382456,0.7009248134357531
G03_R003,demo_primary,G03,S01,3,feedback,pair23,real,time_shift,1,raw_topk,8,0.8036657281610519,0.7807154795720653,0.4617613045174947,0.6616263955206392,0.8096468745900395,0.566722773457184,0.4480162171373887,0.8470284676983205
G03_N003,demo_primary,G03,S01,3,feedback,pair23,null,time_shift,0,raw_topk,8,0.7478319966231758,0.6883198902335901,0.46278043322749784,0.7719802568783657,0.4214965215866978,0.09536226104475487,0.10520742377998965,0.8674539895732502
G03_R004,demo_primary,G03,S01,4,feedback,pair23,real,time_shift,1,raw_topk,8,0.5253043467772263,0.92621047386191,0.6363890174578739,1.016551022522042,0.8484306115282001,0.175397271548262,0.5765037795351445,0.7096247910622269
G03_N004,demo_primary,G03,S01,4,feedback,pair23,null,time_shift,0,raw_topk,8,0.43190392421068935,0.5393593521338164,0.3445843209465731,0.23215521320925492,0.4290385506679233,0.0772393530439113,0.374231034280076,0.737500930903334
G03_R005,demo_primary,G03,S01,5,feedback,pair23,real,time_shift,1,raw_topk,8,0.7340338791284895,0.8336527958939202,0.5728692790655017,0.9829807191103993,0.6169928732045313,0.36730689058684374,0.4240752054999941,0.5356254109684346
G03_N005,demo_primary,G03,S01,5,feedback,pair23,null,time_shift,0,raw_topk,8,0.8817953526509761,0.6941711837217777,0.4047175500615189,0.6230475476642128,0.8527161264774379,0.4777880394227661,0.23048299414118809,0.40604366655049356
G03_R006,demo_primary,G03,S01,6,feedback,pair23,real,time_shift,1,raw_topk,8,0.9209701688798891,1.1048640162967303,0.3757304477781806,0.9505431900990716,0.7172530994867068,0.5471456204618972,0.7625210341639688,0.3570684254240953
G03_N006,demo_primary,G03,S01,6,feedback,pair23,null,time_shift,0,raw_topk,8,0.6824760845419715,0.7091709441831742,0.6742258017948778,0.3536523633427469,0.7538692414084054,0.22784962370318607,0.39745188482350446,0.647468846451825
G03_R007,demo_primary,G03,S01,7,feedback,pair23,real,time_shift,1,raw_topk,8,0.7905544731002047,0.6397305626741671,0.21832395466960508,1.0951972948485769,1.0849859255934238,0.392342087356224,0.5822047137198074,0.6368013556962325
G03_N007,demo_primary,G03,S01,7,feedback,pair23,null,time_shift,0,raw_topk,8,0.5878810027806786,0.4911745333554932,0.09428662165664983,0.5015831455077792,0.65371633113553,0.7276265454563959,0.29665180875675257,0.2848626787540481
G03_R008,demo_primary,G03,S01,8,feedback,pair23,real,time_shift,1,raw_topk,8,0.861096250152265,0.7970572506061065,0.31633862014908004,0.708093981984824,0.5992167641300052,0.21576885018954695,0.40268587865757166,0.7000949633576414
G03_N008,demo_primary,G03,S01,8,feedback,pair23,null,time_shift,0,raw_topk,8,0.5840751873121696,0.3948722136519007,0.374385750842849,0.3673283423409717,0.7581972905599141,0.32175045688520615,0.46619403148770666,0.42429883271616037
G03_R009,demo_primary,G03,S01,9,feedback,pair23,real,time_shift,1,raw_topk,8,1.0865775876621262,0.7051979334924411,0.47833513041605497,0.8237634103941383,0.8234502617495898,0.5672237014417155,0.6911482150946541,0.455650078788648
G03_N009,demo_primary,G03,S01,9,feedback,pair23,null,time_shift,0,raw_topk,8,0.6036955492781586,0.6761582414782983,0.18793188615909237,0.4652990881089452,0.6794045669150257,0.11658454350436379,0.6539482603821324,0.29424129846205205
G03_R010,demo_primary,G03,S01,10,feedback,pair23,real,time_shift,1,raw_topk,8,0.7156007574564168,0.7928467372949608,0.37626331905064175,0.6531249787977792,0.8141285073470438,0.3059220758043435,0.20579543200813563,0.7171507936300586
G03_N010,demo_primary,G03,S01,10,feedback,pair23,null,time_shift,0,raw_topk,8,0.6903764026563683,1.0041387041804863,0.3118135051829245,0.603753113515188,0.7454666506713028,0.1275701008333222,0.3504129573027095,0.7483328994683712
G03_R011,demo_primary,G03,S01,11,feedback,pair23,real,time_shift,1,raw_topk,8,0.5417848729526897,0.715052261930715,0.17878068299355487,0.9387858491255309,0.716153502244792,0.47162999506848025,0.5474715501083468,0.6070763910420154
G03_N011,demo_primary,G03,S01,11,feedback,pair23,null,time_shift,0,raw_topk,8,1.002008620624274,0.543236884267758,0.003390739916688673,0.6527900381523328,0.4066445916522604,0.13820112628103082,0.19384829567159043,0.4981410442155717
G04_R000,demo_primary,G04,S01,0,feedback,pair23,real,time_shift,1,raw_topk,8,0.5195733357810083,0.15993251170667097,0.738934376860874,0.9241916313981082,0.5913009593238362,0.8094819141648589,0.3929568848754351,0.9237908106346062
G04_N000,demo_primary,G04,S01,0,feedback,pair23,null,time_shift,0,raw_topk,8,0.6398373372875521,0.30861365966934906,1.003091598137217,0.6192409486581913,0.619904983198798,0.45343289566607625,0.6085075070907265,0.3701210112962217
G04_R001,demo_primary,G04,S01,1,feedback,pair23,real,time_shift,1,raw_topk,8,0.46664237896780264,-0.07612306521414987,1.1768573175012802,0.8793403101354831,0.40008118827910166,0.7961918116890413,0.74788876759124,0.6063523730254056
G04_N001,demo_primary,G04,S01,1,feedback,pair23,null,time_shift,0,raw_topk,8,0.040793698771043274,0.45338361659588167,0.5786761049489675,0.48233902441492416,0.3743454693123335,0.11729512688882934,0.6447218133744741,0.49545460059767227
G04_R002,demo_primary,G04,S01,2,feedback,pair23,real,time_shift,1,raw_topk,8,0.7794465829970993,0.5475587949721362,0.9441329118764628,1.1289917929478153,0.5574395623462578,0.5399891848522124,0.5584146581505494,0.768619514065741
G04_N002,demo_primary,G04,S01,2,feedback,pair23,null,time_shift,0,raw_topk,8,0.46352607830809406,0.38144458646869295,0.4883710533470084,0.6754855718272369,0.6483227919886778,0.5467652495641963,0.4119770637417936,0.5783275272311337
G04_R003,demo_primary,G04,S01,3,feedback,pair23,real,time_shift,1,raw_topk,8,0.607974246460349,0.39869316874061334,0.9466105388738211,0.8650941319675638,0.7149577383249223,0.6969222650879277,0.526063486909404,0.5736044982503624
G04_N003,demo_primary,G04,S01,3,feedback,pair23,null,time_shift,0,raw_topk,8,0.41057818830132387,0.23621007261304144,0.6180509820288086,0.6550619342064128,0.3316096046407031,0.7388891902571408,0.3653388638282363,0.39637278606166976
G04_R004,demo_primary,G04,S01,4,feedback,pair23,real,time_shift,1,raw_topk,8,0.8808085708833869,0.3864246822850731,1.0843831505213282,0.9680755135601735,0.3805357594396524,0.7628051973825678,0.7154535024708013,0.47803651239224726
G04_N004,demo_primary,G04,S01,4,feedback,pair23,null,time_shift,0,raw_topk,8,0.40965349520899885,0.14553638088500087,0.27146416642714466,0.5951041393115023,0.38073807583342884,0.5240622629875694,0.34931691891040295,0.5129264688879704
G04_R005,demo_primary,G04,S01,5,feedback,pair23,real,time_shift,1,raw_topk,8,0.2905374584188562,0.3969271601642421,0.7984874960316595,0.8017085682952507,0.4537192464400568,0.6585133619115459,0.3251282422585483,0.1802340086764802
G04_N005,demo_primary,G04,S01,5,feedback,pair23,null,time_shift,0,raw_topk,8,0.570873423451573,0.345057558243353,0.8630578825645355,0.7152453258819572,0.2219554364559128,0.6155337339173618,0.4495944069136646,0.4509165821552333
G04_R006,demo_primary,G04,S01,6,feedback,pair23,real,time_shift,1,raw_topk,8,0.47045352899306064,0.331080820121752,0.8786008453057268,1.0590579488311427,0.8159119780064539,0.7372017818775678,0.5014337646005711,0.44359596631720594
G04_N006,demo_primary,G04,S01,6,feedback,pair23,null,time_shift,0,raw_topk,8,0.5870257567582177,0.3419769862270636,0.7442615245177959,0.7817768267967291,0.44055763426946104,0.45889795565158165,0.6653263379848748,0.47274484147431245
G04_R007,demo_primary,G04,S01,7,feedback,pair23,real,time_shift,1,raw_topk,8,0.39557607836033787,0.17624600818712852,1.05961425075363,0.8150504929390989,0.5086431757683169,0.5251789284671483,0.6050179049413834,0.5373085213832957
G04_N007,demo_primary,G04,S01,7,feedback,pair23,null,time_shift,0,raw_topk,8,0.47553255407253164,0.3536225246006525,0.6056130931612226,0.6526681406087573,0.33404433170174824,0.5019839439416797,0.39656230643223295,0.4640852350943984
G04_R008,demo_primary,G04,S01,8,feedback,pair23,real,time_shift,1,raw_topk,8,0.3888735843207425,0.6793217794238805,1.1169223789428788,0.8543573356269574,0.33241652764165386,0.6042486840940845,0.4497418812137304,0.864146056194608
G04_N008,demo_primary,G04,S01,8,feedback,pair23,null,time_shift,0,raw_topk,8,0.3608020136534942,0.5027549960690716,0.4691832228768271,0.36185473690851144,0.6477675098184891,0.3053938572094125,0.5578161351830373,0.5681793818564049
G04_R009,demo_primary,G04,S01,9,feedback,pair23,real,time_shift,1,raw_topk,8,0.8168539853947113,0.8443007280136379,0.7846261845035147,0.39656726809341375,0.42890680082000127,0.596922435767554,0.3828247399605589,0.5743187289917863
G04_N009,demo_primary,G04,S01,9,feedback,pair23,null,time_shift,0,raw_topk,8,0.9200929199614003,0.36828813895191176,0.6299910133082272,0.6012910391071498,0.09438175228512746,0.46612672777791475,0.44731276120091057,0.7331571708327866
G04_R010,demo_primary,G04,S01,10,feedback,pair23,real,time_shift,1,raw_topk,8,0.5445313024221585,0.3855327848257143,1.246473903161925,0.8813652604413718,0.34766725495057815,0.4580998716680297,0.4108860769228624,0.8050980597444694
G04_N010,demo_primary,G04,S01,10,feedback,pair23,null,time_shift,0,raw_topk,8,0.44744563658569975,0.10644455685953964,0.7050863271659649,0.6140689087424982,0.3510491037564475,0.4291483971822291,0.5812415125064626,0.5469504278978095
G04_R011,demo_primary,G04,S01,11,feedback,pair23,real,time_shift,1,raw_topk,8,0.5367970014979078,0.48813161191370846,0.8460178418592592,1.2099156699723017,0.33381648991810553,0.6766776716912128,0.3505393134503618,0.7393134725043288
G04_N011,demo_primary,G04,S01,11,feedback,pair23,null,time_shift,0,raw_topk,8,0.46888495269020386,0.2949717525787607,0.6143885945069507,0.3682991255874232,0.5470302593271332,0.31869940426045607,0.5789062981026203,0.34422976572023517
G05_R000,demo_primary,G05,S01,0,feedback,pair23,real,time_shift,1,raw_topk,8,0.5708895985868371,0.7746556110826857,0.2853888479615455,0.7139981093342491,0.9235426879183721,0.49435587724793706,0.5708008493487757,0.7615713464632744
G05_N000,demo_primary,G05,S01,0,feedback,pair23,null,time_shift,0,raw_topk,8,0.1718013900903655,0.04227991656859126,0.2100057243766143,0.7901182988189492,0.5245845497793582,0.4536450777513181,0.6551417958965098,0.5304648364338103
G05_R001,demo_primary,G05,S01,1,feedback,pair23,real,time_shift,1,raw_topk,8,0.5087431586994575,0.6544075446333658,0.3189235548770827,0.5501246738736205,1.0628589216153628,0.43369133139475124,0.7737097641788853,0.3597152134207426
G05_N001,demo_primary,G05,S01,1,feedback,pair23,null,time_shift,0,raw_topk,8,0.4085847225504467,0.3012218740758651,0.41504319726187505,0.20454765646158116,0.4672754788302107,0.6779769492976848,0.4677283950179525,0.5509041817426407
G05_R002,demo_primary,G05,S01,2,feedback,pair23,real,time_shift,1,raw_topk,8,0.932866622271776,0.3188332316573639,0.36508361906605713,0.686255652225036,0.7916337211316934,0.5589237043354213,1.0764114469296746,0.793537145160421
G05_N002,demo_primary,G05,S01,2,feedback,pair23,null,time_shift,0,raw_topk,8,0.5682133277379549,0.44218345356902655,0.3907397117078022,0.711066763427905,0.5020886790463839,0.25624609986384617,0.5869559167948686,0.14369825733078667
G05_R003,demo_primary,G05,S01,3,feedback,pair23,real,time_shift,1,raw_topk,8,0.7586319497491194,0.3957798951724667,0.3242975396054022,0.36139786428426623,0.9382676333438078,0.4388632866437726,0.8567846149042636,0.7897505651376531
G05_N003,demo_primary,G05,S01,3,feedback,pair23,null,time_shift,0,raw_topk,8,0.6359737279797941,0.27952865705239605,0.16522307874668896,0.3814382480887379,0.6647438293167499,0.44535389655742175,0.6028656234554897,0.39089120315241505
G05_R004,demo_primary,G05,S01,4,feedback,pair23,real,time_shift,1,raw_topk,8,0.47023477203617836,0.4616877309237485,0.44717414634716535,0.784584436622885,0.9507245461465113,0.766914867916303,1.1396864714273762,0.6924224078409102
G05_N004,demo_primary,G05,S01,4,feedback,pair23,null,time_shift,0,raw_topk,8,0.6640164340472032,0.4832318290733708,0.25657292155640055,0.3079504352450467,0.4910576557477463,0.5377856491854913,0.1343512298355208,0.6560253766884758
G05_R005,demo_primary,G05,S01,5,feedback,pair23,real,time_shift,1,raw_topk,8,0.9058477666839685,0.6429198295808146,0.37803518522547774,0.6409181328595923,0.6167390924326434,0.4063433242866331,0.8872817200703951,0.749918480774724
G05_N005,demo_primary,G05,S01,5,feedback,pair23,null,time_shift,0,raw_topk,8,0.3735598390371038,0.34097271339322643,0.49438731277408,0.4997035113667022,0.8230589916042078,0.19508713178941664,0.600190426332627,0.7803709599836006
G05_R006,demo_primary,G05,S01,6,feedback,pair23,real,time_shift,1,raw_topk,8,0.49652859963164087,0.5957271229838947,0.27240693047404807,0.8122987305147519,0.885731571572647,0.5160491698966507,0.7807858768426555,0.8517727676977195
G05_N006,demo_primary,G05,S01,6,feedback,pair23,null,time_shift,0,raw_topk,8,0.5029591820700119,0.6364916658476213,0.33746693314816695,0.5146722135576199,0.9316001815694469,0.261154368939718,0.735403705286195,0.7282547327904609
G05_R007,demo_primary,G05,S01,7,feedback,pair23,real,time_shift,1,raw_topk,8,1.103659400036366,0.3332096193949995,0.9244460513117261,0.6550692713076696,0.6608220575249514,0.34443912077450634,0.5883112275505644,0.787868087451717
G05_N007,demo_primary,G05,S01,7,feedback,pair23,null,time_shift,0,raw_topk,8,0.461011089389393,0.38445296252537964,0.4439302900905372,0.5705040251977257,0.3448076409081432,0.6671178151666779,0.5139677975947426,0.4668219686336413
G05_R008,demo_primary,G05,S01,8,feedback,pair23,real,time_shift,1,raw_topk,8,0.605404180395955,0.6739852114991072,0.29134421391710563,0.8058752384311897,0.7467019996670421,0.5902452837880815,0.9056752049605964,0.6787975643191315
G05_N008,demo_primary,G05,S01,8,feedback,pair23,null,time_shift,0,raw_topk,8,0.45282389821427393,0.4158920765405304,0.3977434092958823,0.7178866819519906,0.7537637087143432,0.1309222515331155,-0.024600904027133094,0.4997135646823553
G05_R009,demo_primary,G05,S01,9,feedback,pair23,real,time_shift,1,raw_topk,8,0.8947706856178502,0.3235211552735908,0.0984653717997169,0.6502285367908835,1.0835304385503652,0.7412309102061804,0.7105398189533525,0.8594075759554999
G05_N009,demo_primary,G05,S01,9,feedback,pair23,null,time_shift,0,raw_topk,8,0.3522700228189919,0.07629928403183295,0.43363786137604254,0.21129557940962035,0.8147741251785061,-0.04408449666199672,0.7809170423177231,0.6345472460767516
G05_R010,demo_primary,G05,S01,10,feedback,pair23,real,time_shift,1,raw_topk,8,0.761119598969636,0.5469268800716303,0.550787661010997,0.4570698971830715,0.7873443932864324,0.46216500887905143,0.7622467920056933,0.7346728399677881
G05_N010,demo_primary,G05,S01,10,feedback,pair23,null,time_shift,0,raw_topk,8,0.5113015439177016,-0.05747406418162844,0.27197498997020136,0.44768801322613994,0.3320514021636528,0.6434851033462463,0.40658037551828435,0.6224262869201505
G05_R011,demo_primary,G05,S01,11,feedback,pair23,real,time_shift,1,raw_topk,8,0.8624433387305048,0.6135460468696143,0.38350945454951857,0.8568752337089227,0.9241638159861087,0.6116939387851899,0.9543226549711168,0.631945741977999
G05_N011,demo_primary,G05,S01,11,feedback,pair23,null,time_shift,0,raw_topk,8,0.7120941723475047,0.3480673157527908,0.4425031978143643,0.522714234908703,0.6691964760457174,0.7502996259536725,0.969384126363457,0.6187622418137353
G06_R000,demo_primary,G06,S01,0,feedback,pair23,real,time_shift,1,raw_topk,8,0.6872214914185356,0.33922015341856254,0.5161223347595381,0.5395628046691472,0.5870447006758982,0.4014436223609134,0.6204686753080567,1.2292707179434328
G06_N000,demo_primary,G06,S01,0,feedback,pair23,null,time_shift,0,raw_topk,8,0.44522967561471505,0.18667547507806792,0.5000450941143074,0.12481501446691325,0.43359095738264863,0.509267800199738,0.45840228833999064,0.9588283452543542
G06_R001,demo_primary,G06,S01,1,feedback,pair23,real,time_shift,1,raw_topk,8,0.8130444305031695,0.5768031172468212,0.8083287311458864,0.3144569512564226,0.47893181866455703,0.7266982970189436,0.3207567038873926,1.2149939493288002
G06_N001,demo_primary,G06,S01,1,feedback,pair23,null,time_shift,0,raw_topk,8,0.7124470840607653,0.3503123355830333,0.5083457974230926,0.5939833861166597,0.8289463218548281,0.2375263777699795,0.2423429943735989,0.7140654615725115
G06_R002,demo_primary,G06,S01,2,feedback,pair23,real,time_shift,1,raw_topk,8,0.6857889022201592,0.7880108959999793,0.49823602261842825,0.6839057992793397,0.5732281866026928,0.81160669236216,0.44509001815386995,1.1925394955968338
G06_N002,demo_primary,G06,S01,2,feedback,pair23,null,time_shift,0,raw_topk,8,0.502954550452815,0.5989926252937063,0.2762965172395855,0.37821679885061943,0.605463532893152,0.5734660426423376,0.4006120300069144,0.543410712465533
G06_R003,demo_primary,G06,S01,3,feedback,pair23,real,time_shift,1,raw_topk,8,0.4920915926320129,0.6368229167745975,0.6580103612693367,0.16605226951737048,0.8188321727796215,0.2490118329633762,0.6301713468554551,0.8237573839968728
G06_N003,demo_primary,G06,S01,3,feedback,pair23,null,time_shift,0,raw_topk,8,0.38679814522969036,0.295835729500489,0.16039800073638757,0.18333499259165764,0.6029266839826738,0.6150252266740761,0.3693404147465184,0.6718677355798096
G06_R004,demo_primary,G06,S01,4,feedback,pair23,real,time_shift,1,raw_topk,8,0.8096018250607412,0.42934699998407516,0.4944935611579695,0.14603295722213597,0.8511287984069159,0.6538232717930456,0.8721609727329195,0.716675231978626
G06_N004,demo_primary,G06,S01,4,feedback,pair23,null,time_shift,0,raw_topk,8,0.7629740460088166,0.7355168920236199,0.8724155864261783,0.339142980679596,0.8155160087595673,0.3635114706253669,0.1987347590219907,0.6454256885529204
G06_R005,demo_primary,G06,S01,5,feedback,pair23,real,time_shift,1,raw_topk,8,0.9019750835394972,0.2496572157323453,0.6345958351574995,0.7271140004264606,0.6183016087672257,0.6110069101648432,0.4535482891004372,0.8637932871169864
G06_N005,demo_primary,G06,S01,5,feedback,pair23,null,time_shift,0,raw_topk,8,0.798084597628108,0.3905343708968669,0.6586807560426007,0.5023898148111627,0.9363838945980119,0.6067912907594627,0.4091579671580419,0.6101913023603637
G06_R006,demo_primary,G06,S01,6,feedback,pair23,real,time_shift,1,raw_topk,8,0.5292366756117273,0.49167086780563357,0.923524138971023,0.605743719748809,0.7842427707840876,0.8101815834795243,0.45414201819181305,1.086499943779648
G06_N006,demo_primary,G06,S01,6,feedback,pair23,null,time_shift,0,raw_topk,8,0.44485549934835067,0.5110888526963905,0.49694117001498594,0.7068329153437619,0.7875373656668013,0.7221038323113389,0.24094672167184938,0.9926361301768638
G06_R007,demo_primary,G06,S01,7,feedback,pair23,real,time_shift,1,raw_topk,8,0.8114918774364771,0.6980514345107818,0.751836723523049,0.800044563426064,0.7778902487749476,0.6877682176654891,0.772590451318804,1.1017270438704432
G06_N007,demo_primary,G06,S01,7,feedback,pair23,null,time_shift,0,raw_topk,8,0.39700202048829336,0.3076856346845431,0.539036918738318,0.4597626901420979,0.6007990439638358,0.6920363502519362,0.6379805919756354,0.7580944266732383
G06_R008,demo_primary,G06,S01,8,feedback,pair23,real,time_shift,1,raw_topk,8,0.7214554801896348,0.45790657708555144,0.8608015853597164,0.5889075927668488,0.962832422719511,0.9550672595886088,0.7665581469371965,0.9655378261608097
G06_N008,demo_primary,G06,S01,8,feedback,pair23,null,time_shift,0,raw_topk,8,0.3988094183837315,-0.02256758456790736,0.3397662596421811,0.524441168067294,0.6919830093870685,0.5542542019455605,0.34234224772501626,0.5775726923176527
G06_R009,demo_primary,G06,S01,9,feedback,pair23,real,time_shift,1,raw_topk,8,1.0032109562338876,0.5783479944562279,0.8518703809943786,0.41006126229137063,0.543957879149673,0.9288400483812297,0.6685448391395644,0.6134779981737597
G06_N009,demo_primary,G06,S01,9,feedback,pair23,null,time_shift,0,raw_topk,8,0.6170805318475276,0.6544320153498415,0.7083363264609271,0.4851770974036107,0.5184164383698772,0.4566411499499523,0.30807925506378475,0.3627926931498354
G06_R010,demo_primary,G06,S01,10,feedback,pair23,real,time_shift,1,raw_topk,8,0.5014798779406675,0.5416045361146373,0.4950227912054859,0.18637080466439324,0.5623566398207709,0.819151635372933,0.47740274966147095,0.953297322229369
G06_N010,demo_primary,G06,S01,10,feedback,pair23,null,time_shift,0,raw_topk,8,0.37906274696193254,0.5004610225841961,0.588261580864097,0.34855391390249874,0.5636038734484597,0.3509526431412158,0.8774236801773577,0.8193084870714622
G06_R011,demo_primary,G06,S01,11,feedback,pair23,real,time_shift,1,raw_topk,8,0.737001966906263,0.7120358764439756,0.5115837630638119,0.3275046433414569,0.833367874606304,0.6068975102751085,0.5710844179906024,1.057936617131162
G06_N011,demo_primary,G06,S01,11,feedback,pair23,null,time_shift,0,raw_topk,8,0.49198394792368005,0.4339253114095751,0.3224522212324529,0.7140531381266981,0.730408975853306,0.69619660617415,0.6564949961858084,0.7413194773072947
G07_R000,demo_primary,G07,S01,0,feedback,pair23,real,time_shift,1,raw_topk,8,0.6900026098930068,0.27610667484429663,0.6319133979638182,0.6578179851209873,0.397584696715617,0.731463219149561,0.5441964750665292,0.25805299924342445
G07_N000,demo_primary,G07,S01,0,feedback,pair23,null,time_shift,0,raw_topk,8,0.2711138940299103,0.5783153862692456,0.5933503078895249,0.31317393077445876,0.4457682597175025,0.9529281534076129,0.7829926977045872,0.39120067682168586
G07_R001,demo_primary,G07,S01,1,feedback,pair23,real,time_shift,1,raw_topk,8,0.6522227207332495,0.6595803538699558,0.4194620397289047,0.2695377854681533,0.8281902403247705,0.7036728213437534,0.6756422201474216,0.5245387517155975
G07_N001,demo_primary,G07,S01,1,feedback,pair23,null,time_shift,0,raw_topk,8,0.24990638739077545,0.3663565237717613,0.34594536528904957,0.3158219419533954,0.4368051910159618,0.4210572703007107,0.4427660847674109,0.6327199522368804
G07_R002,demo_primary,G07,S01,2,feedback,pair23,real,time_shift,1,raw_topk,8,0.425255774246672,0.2583888173991251,0.4555640438590321,0.44629473492846744,0.5077911494224184,0.6363869617572067,1.0301974536435436,0.3180598700328026
G07_N002,demo_primary,G07,S01,2,feedback,pair23,null,time_shift,0,raw_topk,8,0.45628271406943244,0.4599448348655548,0.35916947441739955,0.5186622578157296,0.40769533199099034,0.4632385232778249,0.32085106516469625,0.2897290064018081
G07_R003,demo_primary,G07,S01,3,feedback,pair23,real,time_shift,1,raw_topk,8,0.558446864629847,0.2893327671030459,0.690103918959861,0.27399345827912885,0.21404668022665296,0.7136483172648782,0.5278856116180368,0.1408147761862098
G07_N003,demo_primary,G07,S01,3,feedback,pair23,null,time_shift,0,raw_topk,8,0.11051070542274757,0.33486082612731444,0.6814937134276077,0.30972615514599244,0.38606952016568846,0.7680017102519016,0.48622705339909333,0.25016053150742984
G07_R004,demo_primary,G07,S01,4,feedback,pair23,real,time_shift,1,raw_topk,8,0.7703368431712008,0.643194451288102,0.6384351870350665,0.3945886465871293,0.4593750343184428,0.9723958865671416,0.6508629472566957,0.4554588533600546
G07_N004,demo_primary,G07,S01,4,feedback,pair23,null,time_shift,0,raw_topk,8,0.6122364720086889,0.17514649902149895,0.5940395295701804,0.7161015758501217,0.6391991933143639,1.033372275441217,0.46220316925979865,0.3718463893043446
G07_R005,demo_primary,G07,S01,5,feedback,pair23,real,time_shift,1,raw_topk,8,0.3252909436831826,0.7098457503107363,0.7792245912887277,0.21666926500448214,0.969159375448411,0.5889933736004831,0.4577488292110196,0.2742926108134963
G07_N005,demo_primary,G07,S01,5,feedback,pair23,null,time_shift,0,raw_topk,8,0.1709802701228871,0.5047958610846465,0.3069805572772147,-0.07330975866125881,0.5892987904115173,0.6399500282320206,0.7175687105489928,0.25705112821506226
G07_R006,demo_primary,G07,S01,6,feedback,pair23,real,time_shift,1,raw_topk,8,0.34628719087015186,0.5169955458982829,0.48484957740067247,0.2606268056948708,0.5637223209410084,0.7902463207699795,0.38599268329170017,0.5669276002674557
G07_N006,demo_primary,G07,S01,6,feedback,pair23,null,time_shift,0,raw_topk,8,0.11627414878865361,0.2340841806095102,0.43745596123622205,0.5948205686367789,0.30091105250386607,0.4101872862733963,0.04757430793269117,0.3700450122957064
G07_R007,demo_primary,G07,S01,7,feedback,pair23,real,time_shift,1,raw_topk,8,0.7571359496771938,0.4849578658654114,0.7702553526497512,0.39824927551621053,0.921125155174069,0.8591667493616577,0.751134522345992,0.3204977232486834
G07_N007,demo_primary,G07,S01,7,feedback,pair23,null,time_shift,0,raw_topk,8,0.4751690035827004,0.7351204221776909,0.3612615942333342,0.5401708410097715,0.5054403023254089,0.6470595051755694,0.3098976364501139,0.0961163993209641
G07_R008,demo_primary,G07,S01,8,feedback,pair23,real,time_shift,1,raw_topk,8,0.6944277508138212,0.7262424022010627,0.2038721895405744,0.40455655440401067,0.7056835937170853,0.544094685267342,0.733093544698777,0.39183124416665466
G07_N008,demo_primary,G07,S01,8,feedback,pair23,null,time_shift,0,raw_topk,8,0.0780621536417597,0.37269754481263184,0.5658049855351552,0.3983329528657906,0.37397791499972816,0.7060286447525046,0.5180113643780373,0.4099268218312007
G07_R009,demo_primary,G07,S01,9,feedback,pair23,real,time_shift,1,raw_topk,8,0.5935784054492071,0.3629083739604888,0.8002915024821574,0.25531957148090784,0.8835438182378459,0.7617664264279076,0.5840603044897134,0.6360482101875076
G07_N009,demo_primary,G07,S01,9,feedback,pair23,null,time_shift,0,raw_topk,8,0.28993293259379666,0.5371730150558025,0.33443162132344806,0.3101073362087502,0.5919457671068347,0.5417498784888288,0.29029527278511263,0.19449149303149893
G07_R010,demo_primary,G07,S01,10,feedback,pair23,real,time_shift,1,raw_topk,8,0.53405486321404,0.5120696404612806,0.6366056425208029,0.1402807624172901,0.362260019024039,0.730005199845903,0.6364435986667712,0.39289557912737577
G07_N010,demo_primary,G07,S01,10,feedback,pair23,null,time_shift,0,raw_topk,8,0.262651608466287,0.25824234436524257,0.5702560629296537,0.22998354610509772,0.2496474543296631,0.5194328463161244,0.49132985871262874,0.4366703144606813
G07_R011,demo_primary,G07,S01,11,feedback,pair23,real,time_shift,1,raw_topk,8,0.35155060351566586,0.6017158820181718,0.5128606857932505,0.4602490669968155,0.8062472949366988,0.7440350168696132,0.6354073741933562,0.3462833088267826
G07_N011,demo_primary,G07,S01,11,feedback,pair23,null,time_shift,0,raw_topk,8,0.2607214914659982,0.699573548930419,0.6338422578416747,0.0015277834200461832,0.6619938283128223,0.30612516028915787,0.7261607228994073,0.3622724958474964
G08_R000,demo_primary,G08,S01,0,feedback,pair23,real,time_shift,1,raw_topk,8,0.3304066782605394,0.5197850458058862,0.35526734693639805,0.47766681103016434,0.24923786436960266,0.6843200541402654,0.5581545375040393,0.4342845894611742
G08_N000,demo_primary,G08,S01,0,feedback,pair23,null,time_shift,0,raw_topk,8,0.36319344579389523,0.1783886049136632,0.8938985515854959,0.3885455094888164,0.4186472069608725,0.6906223616970472,0.4660436078203082,0.4696322707563859
G08_R001,demo_primary,G08,S01,1,feedback,pair23,real,time_shift,1,raw_topk,8,0.22366438980173467,0.2027658685325334,0.7447767981660032,0.9625193899478697,0.7154272462446115,0.8926083559086434,0.3455392440601967,0.34460465402242946
G08_N001,demo_primary,G08,S01,1,feedback,pair23,null,time_shift,0,raw_topk,8,0.43837956744017287,0.336555560887825,0.3310576752144269,0.6019328896653633,0.4809474921413486,0.5753659755493985,0.4100760551495537,0.6143111969736746
G08_R002,demo_primary,G08,S01,2,feedback,pair23,real,time_shift,1,raw_topk,8,0.7348512106076822,0.7003030635537602,0.7063778585848821,1.0224426695221063,0.7692896902774939,0.9179358689345956,0.4270458565273311,0.28942355174045165
G08_N002,demo_primary,G08,S01,2,feedback,pair23,null,time_shift,0,raw_topk,8,0.5648988698874021,0.39436253071078087,0.589579392998772,0.31220298787795125,0.5449624794938909,0.35894963386975287,0.3661614134590668,0.342139048727056
G08_R003,demo_primary,G08,S01,3,feedback,pair23,real,time_shift,1,raw_topk,8,0.5219883234800866,0.5159571974663191,0.8634438671925159,0.9715837429214708,0.3949239095242195,0.5513893420460738,0.4514500095202503,0.17358885448898595
G08_N003,demo_primary,G08,S01,3,feedback,pair23,null,time_shift,0,raw_topk,8,0.05491632025988068,0.21543677989537066,0.40136490820590115,0.5239473045067085,0.4322888929711476,0.5072334118124562,0.00613602629504232,0.20530053795610068
G08_R004,demo_primary,G08,S01,4,feedback,pair23,real,time_shift,1,raw_topk,8,0.4539460081702622,0.23328073259938029,0.7657933658731846,0.716602306418449,0.2710508312770519,0.8721732521653282,0.17346229531490595,0.11007629786969855
G08_N004,demo_primary,G08,S01,4,feedback,pair23,null,time_shift,0,raw_topk,8,0.49406786782820294,0.7907611288327816,0.8429459736693147,0.5072168359402972,0.4544549701434711,0.5498837616044497,0.34203590315992577,0.2943668483418228
G08_R005,demo_primary,G08,S01,5,feedback,pair23,real,time_shift,1,raw_topk,8,0.5941350602042251,0.5100143838011335,0.9312281836444456,0.8476159264270412,0.48211262611230965,0.49229267204546445,0.7474760959217599,0.48865795221890806
G08_N005,demo_primary,G08,S01,5,feedback,pair23,null,time_shift,0,raw_topk,8,0.8123308116991129,0.3558352743468197,1.0546723279369248,0.587263569498677,0.7190155156855278,0.6251259446690303,-0.0202827966150181,0.6538778574107426
G08_R006,demo_primary,G08,S01,6,feedback,pair23,real,time_shift,1,raw_topk,8,0.5917336675183362,0.5036405876544636,1.0578784668018129,1.115797975593999,0.7766490006961326,0.9312704553377753,0.5558958690820639,0.291816765679464
G08_N006,demo_primary,G08,S01,6,feedback,pair23,null,time_shift,0,raw_topk,8,0.577840462515192,0.38961218630358285,0.7363627589245123,0.6985341143484181,0.31006670049830476,0.6324235588754542,0.41192676605298584,0.15621373213405257
G08_R007,demo_primary,G08,S01,7,feedback,pair23,real,time_shift,1,raw_topk,8,0.20680559138422774,0.665169169563845,1.1039402655296642,0.6910939837592628,0.6264338544696313,0.930787593087567,0.6131723883885618,0.19192507998788091
G08_N007,demo_primary,G08,S01,7,feedback,pair23,null,time_shift,0,raw_topk,8,0.9039537942417178,0.11967785312572074,0.9665378506936968,0.2356134952665361,0.4391689776753423,0.5431421851018843,0.5214146385011998,0.27765851909375794
G08_R008,demo_primary,G08,S01,8,feedback,pair23,real,time_shift,1,raw_topk,8,0.36267981302391417,0.5226585910576942,0.7765838935476067,0.9428363396387538,0.6530360946711147,0.5109179341620658,0.8010922525303672,0.45074749824179716
G08_N008,demo_primary,G08,S01,8,feedback,pair23,null,time_shift,0,raw_topk,8,0.46137257836685025,0.24670471632388744,0.44391958520694136,0.626950107775992,0.7672212686016813,0.4507887583406684,0.6736809474630017,0.30172089935195623
G08_R009,demo_primary,G08,S01,9,feedback,pair23,real,time_shift,1,raw_topk,8,0.7732130221915393,0.2558803634119511,0.9235997000225561,0.7072542448189253,0.6476751306157477,0.614117763457053,0.6264615902444872,0.5074998609691013
G08_N009,demo_primary,G08,S01,9,feedback,pair23,null,time_shift,0,raw_topk,8,0.3470842518875035,0.4935913673878505,0.7759184529804388,0.6493120943927959,0.21734625546108088,0.37652395650983017,0.5523905584106764,0.22478974123353798
G08_R010,demo_primary,G08,S01,10,feedback,pair23,real,time_shift,1,raw_topk,8,0.5323125637255866,0.44393432880252404,0.8777636615886099,0.9477695710792728,0.3476517166502967,0.5809167051613948,0.567093331309547,0.7654609314547487
G08_N010,demo_primary,G08,S01,10,feedback,pair23,null,time_shift,0,raw_topk,8,0.2605599540912698,0.2794421717609835,0.7973513307028927,0.5903731213675182,0.11267995603106006,0.28063283713131504,0.644567967960068,0.29994350323036933
G08_R011,demo_primary,G08,S01,11,feedback,pair23,real,time_shift,1,raw_topk,8,0.7061469373884207,0.838947145664344,0.9937188349032378,0.6261824150287303,0.37353958526801745,0.5428458018614193,0.6697585554325524,0.49503633452126883
G08_N011,demo_primary,G08,S01,11,feedback,pair23,null,time_shift,0,raw_topk,8,0.33448760822837176,0.4121224132891028,0.8188940445008379,0.4700499169262637,0.5079295589796531,0.2669500389128551,0.15100360839167581,-0.020132407419070075
G09_R000,demo_primary,G09,S01,0,feedback,pair23,real,time_shift,1,raw_topk,8,0.4342614116234446,0.6909539716906499,0.5302884437466693,0.7588860897397646,0.40648936030952365,0.7249235415077319,0.7586534512106147,0.23903791960867338
G09_N000,demo_primary,G09,S01,0,feedback,pair23,null,time_shift,0,raw_topk,8,0.4097336834767782,-0.13653942604129216,0.3288917543625143,0.1868436123789647,0.3594176427378578,0.5060439008982818,0.7453305099427054,0.4438206601929465
G09_R001,demo_primary,G09,S01,1,feedback,pair23,real,time_shift,1,raw_topk,8,0.4611096730633473,0.36670038253915216,0.4388659987720439,0.7361559374334585,0.1826607431400508,0.8304982676650651,0.6653402593574662,0.5531311143661326
G09_N001,demo_primary,G09,S01,1,feedback,pair23,null,time_shift,0,raw_topk,8,0.30427625751273074,0.5266776172534318,0.04375610964639995,0.18830174478978456,0.31416699569928275,0.42241357991761047,0.5227653303297878,0.24780098149159727
G09_R002,demo_primary,G09,S01,2,feedback,pair23,real,time_shift,1,raw_topk,8,0.5774898029241987,0.24719280825421516,0.486495915609075,0.9400932940536098,0.2587402292857339,0.4241292899264664,0.7653417986805134,0.7162793199818176
G09_N002,demo_primary,G09,S01,2,feedback,pair23,null,time_shift,0,raw_topk,8,0.4429490527346786,0.5649948834642102,0.4674742375740619,0.48252726814079433,0.3456292303402025,0.5386858955007835,0.4393391132330241,0.3635816654889882
G09_R003,demo_primary,G09,S01,3,feedback,pair23,real,time_shift,1,raw_topk,8,0.4473886547611832,0.4922060698387325,0.352386955609186,0.17150590529640958,0.35755205231640086,0.7811628990000004,0.6371150350277492,0.2007385739856678
G09_N003,demo_primary,G09,S01,3,feedback,pair23,null,time_shift,0,raw_topk,8,0.4361992409481493,0.5506961682605442,0.48906902935980257,0.3722127813103493,0.2768175735345064,0.5963240681753433,0.7327967412052275,0.3690383520143409
G09_R004,demo_primary,G09,S01,4,feedback,pair23,real,time_shift,1,raw_topk,8,0.37784608011494103,0.6907011837715427,0.20058300597193687,0.6235576136421876,0.3901545848311636,0.4142297310750543,0.6057061125498439,0.6230014724353585
G09_N004,demo_primary,G09,S01,4,feedback,pair23,null,time_shift,0,raw_topk,8,0.801786072268229,0.042563319145273205,0.1701988916763286,0.43755062089172103,-0.07051769212817469,0.33270603574431984,0.3967028804917584,0.45237368959354207
G09_R005,demo_primary,G09,S01,5,feedback,pair23,real,time_shift,1,raw_topk,8,0.5483548161970688,0.7265437630709202,0.5783184134867025,0.8900963993631382,0.29916345774299624,0.5292360360414345,0.5900310833173252,0.5933162519959909
G09_N005,demo_primary,G09,S01,5,feedback,pair23,null,time_shift,0,raw_topk,8,0.1843151173638835,0.5588473884580439,0.3522964688908591,0.3213438706942692,0.3866430812606516,0.6341501475122386,0.4576938258615498,0.6627284247335076
G09_R006,demo_primary,G09,S01,6,feedback,pair23,real,time_shift,1,raw_topk,8,0.39387901864181185,0.8930362745894382,0.1530841124353883,0.8744517857393277,0.32994243430725567,0.35557052781189985,0.7143933373798375,0.49287775513309967
G09_N006,demo_primary,G09,S01,6,feedback,pair23,null,time_shift,0,raw_topk,8,0.22346301557485732,0.5355331522164924,0.17706281139297084,0.45113102956495127,0.16290261539526174,0.10228904280533935,0.4440706105391808,0.13604003237954546
G09_R007,demo_primary,G09,S01,7,feedback,pair23,real,time_shift,1,raw_topk,8,0.6446339786675416,0.7738504679504361,0.4665605350727603,0.39622400294397864,0.18443197806117537,0.40669438549604364,0.9141958079864727,0.30423125653370325
G09_N007,demo_primary,G09,S01,7,feedback,pair23,null,time_shift,0,raw_topk,8,0.6112129545832301,0.19381158149365244,0.7548746941044272,0.42082497473667935,0.20119695148908873,0.23815707048186874,0.5710174266671868,0.10592003959593144
G09_R008,demo_primary,G09,S01,8,feedback,pair23,real,time_shift,1,raw_topk,8,0.17587385950077022,0.6018620288354501,0.41915178720474777,0.5765962786380986,0.6442747137354582,0.4265619050722725,0.7759571903601884,0.43904330942515873
G09_N008,demo_primary,G09,S01,8,feedback,pair23,null,time_shift,0,raw_topk,8,0.3525796953542588,0.39377417922452074,0.5174944753437353,0.4120381199859979,0.14602192473746978,0.3047437854775249,0.45165726851812227,0.3793970548991098
G09_R009,demo_primary,G09,S01,9,feedback,pair23,real,time_shift,1,raw_topk,8,0.6399184720765292,0.7508143126372561,0.5964767244177195,0.39848355648040623,0.19564266259107707,0.6815219377885483,0.8920289121512217,0.24828341992981307
G09_N009,demo_primary,G09,S01,9,feedback,pair23,null,time_shift,0,raw_topk,8,0.38262793312618376,0.5683548892280895,0.4439819828414707,0.494000154072987,0.18897547983033347,0.33273394852736515,0.5143114505796024,0.2140528127098504
G09_R010,demo_primary,G09,S01,10,feedback,pair23,real,time_shift,1,raw_topk,8,1.101664063652434,0.492334428525958,0.629155864909708,0.46543680248172237,0.596794538448128,0.26522525721762014,0.7729513843048794,0.45015724909326166
G09_N010,demo_primary,G09,S01,10,feedback,pair23,null,time_shift,0,raw_topk,8,0.6210748888231696,0.2846007312269969,0.42034202728885395,0.7031704721620413,0.11242708694285015,0.2633777993664151,0.562099821697615,0.22852452563038592
G09_R011,demo_primary,G09,S01,11,feedback,pair23,real,time_shift,1,raw_topk,8,0.49045855124130794,0.9490170276583056,0.21905817280126635,0.8354655141081989,0.3105037083851089,0.3575150804220676,0.4013496471973246,0.44401750198441353
G09_N011,demo_primary,G09,S01,11,feedback,pair23,null,time_shift,0,raw_topk,8,0.5256832573729826,0.5464584875021744,0.3810954974126368,0.7569041746024807,0.37590610584573775,0.7397841151064397,0.348829063219648,0.3335609512305374
